wavelength,A,D65,VM,Vprime,CIE1931x,CIE1931y,CIE1931z,CIE1964x,CIE1964y,CIE1964z,C,D50,D55,D75,Dark Skin,Light Skin,Blue Sky,Foliage,Blue Flower,Bluish Green,Orange,Purplish Blue,Moderate Red,Purple,Yellow Green,Orange Yellow,Blue,Green,Red,Yellow,Magent,Cyan,White,Neutral 8,Neutral 6.5,Neutral 5,Neutral 3.5,Black
300,0.930483,0.0341,0,0,0,0,0,0,0,0,0.00,0.019,0.024,0.043,0,0,0,0,0,0,0,0,0,0,0,0,0,0,0,0,0,0,0,0,0,0,0,0
305,1.12821,1.6643,0,0,0,0,0,0,0,0,0.00,1.035,1.048,2.588,0,0,0,0,0,0,0,0,0,0,0,0,0,0,0,0,0,0,0,0,0,0,0,0
310,1.35769,3.2945,0,0,0,0,0,0,0,0,0.00,2.051,2.072,5.133,0,0,0,0,0,0,0,0,0,0,0,0,0,0,0,0,0,0,0,0,0,0,0,0
315,1.62219,11.7652,0,0,0,0,0,0,0,0,0.00,4.914,6.648,17.470,0,0,0,0,0,0,0,0,0,0,0,0,0,0,0,0,0,0,0,0,0,0,0,0
320,1.92508,20.236,0,0,0,0,0,0,0,0,0.01,7.778,11.224,29.808,0,0,0,0,0,0,0,0,0,0,0,0,0,0,0,0,0,0,0,0,0,0,0,0
325,2.2698,28.6447,0,0,0,0,0,0,0,0,0.20,11.263,15.936,42.369,0,0,0,0,0,0,0,0,0,0,0,0,0,0,0,0,0,0,0,0,0,0,0,0
330,2.65981,37.0535,0,0,0,0,0,0,0,0,0.40,14.748,20.647,54.930,0,0,0,0,0,0,0,0,0,0,0,0,0,0,0,0,0,0,0,0,0,0,0,0
335,3.09861,38.5011,0,0,0,0,0,0,0,0,1.55,16.348,22.266,56.095,0,0,0,0,0,0,0,0,0,0,0,0,0,0,0,0,0,0,0,0,0,0,0,0
340,3.58968,39.9488,0,0,0,0,0,0,0,0,2.70,17.948,23.885,57.259,0,0,0,0,0,0,0,0,0,0,0,0,0,0,0,0,0,0,0,0,0,0,0,0
345,4.13648,42.4302,0,0,0,0,0,0,0,0,4.85,19.479,25.851,60.000,0,0,0,0,0,0,0,0,0,0,0,0,0,0,0,0,0,0,0,0,0,0,0,0
350,4.74238,44.9117,0,0,0,0,0,0,0,0,7.00,21.010,27.817,62.740,0,0,0,0,0,0,0,0,0,0,0,0,0,0,0,0,0,0,0,0,0,0,0,0
355,5.4107,45.775,0,0,0,0,0,0,0,0,9.95,22.476,29.219,62.861,0,0,0,0,0,0,0,0,0,0,0,0,0,0,0,0,0,0,0,0,0,0,0,0
360,6.14462,46.6383,0,0,0.0001299,0.000003917,0.0006061,1.222E-007,1.3398E-008,0.000000535,12.90,23.942,30.621,62.982,0,0,0,0,0,0,0,0,0,0,0,0,0,0,0,0,0,0,0,0,0,0,0,0
365,6.9472,49.3637,0,0,0.0002321,0.000006965,0.001086,9.1927E-007,1.0065E-007,4.0283E-006,17.20,25.451,32.464,66.647,0,0,0,0,0,0,0,0,0,0,0,0,0,0,0,0,0,0,0,0,0,0,0,0
370,7.82135,52.0891,0,0,0.0004149,0.00001239,0.001946,5.9586E-006,6.511E-007,2.61437E-005,21.40,26.961,34.308,70.312,0,0,0,0,0,0,0,0,0,0,0,0,0,0,0,0,0,0,0,0,0,0,0,0
375,8.7698,51.0323,0,0,0.0007416,0.00002202,0.003486,0.000033266,0.000003625,0.00014622,27.50,25.724,33.446,68.507,0,0,0,0,0,0,0,0,0,0,0,0,0,0,0,0,0,0,0,0,0,0,0,0
380,9.7951,49.9755,0.0002,0.000589,0.001368,0.000039,0.006450001,0.000159952,0.000017364,0.000704776,33.00,24.488,32.584,66.703,0.048,0.103,0.113,0.048,0.123,0.11,0.053,0.099,0.096,0.101,0.056,0.06,0.069,0.055,0.052,0.054,0.118,0.093,0.153,0.15,0.138,0.113,0.074,0.032
385,10.8996,52.3118,0.00039556,0.001108,0.002236,0.000064,0.01054999,0.00066244,0.00007156,0.0029278,39.92,27.179,35.335,68.333,0.051,0.12,0.138,0.049,0.152,0.133,0.054,0.12,0.108,0.115,0.058,0.061,0.081,0.056,0.052,0.053,0.142,0.11,0.189,0.184,0.167,0.131,0.079,0.033
390,12.0853,54.6482,0.0008,0.002209,0.004243,0.00012,0.02005001,0.0023616,0.0002534,0.0104822,47.40,29.871,38.087,69.963,0.055,0.141,0.174,0.049,0.197,0.167,0.054,0.15,0.123,0.135,0.059,0.063,0.096,0.057,0.052,0.054,0.179,0.134,0.245,0.235,0.206,0.15,0.084,0.033
395,13.3543,68.7015,0.0015457,0.00453,0.00765,0.000217,0.03621,0.0072423,0.0007685,0.032344,55.17,39.589,49.518,85.946,0.06,0.163,0.219,0.049,0.258,0.208,0.054,0.189,0.135,0.157,0.059,0.064,0.114,0.058,0.052,0.053,0.228,0.164,0.319,0.299,0.249,0.169,0.088,0.034
400,14.708,82.7549,0.0028,0.00929,0.01431,0.000396,0.06785001,0.0191097,0.0020044,0.0860109,63.30,49.308,60.949,101.929,0.065,0.182,0.266,0.05,0.328,0.252,0.054,0.231,0.144,0.177,0.06,0.065,0.136,0.058,0.051,0.053,0.283,0.195,0.409,0.372,0.289,0.183,0.091,0.035
405,16.148,87.1204,0.0046562,0.01852,0.02319,0.00064,0.1102,0.0434,0.004509,0.19712,71.81,52.910,64.751,106.911,0.068,0.192,0.3,0.049,0.385,0.284,0.054,0.268,0.145,0.191,0.061,0.065,0.156,0.058,0.051,0.053,0.322,0.22,0.536,0.459,0.324,0.193,0.093,0.035
410,17.6753,91.486,0.0074,0.03484,0.04351,0.00121,0.2074,0.084736,0.008756,0.389366,80.60,56.513,68.554,111.894,0.068,0.197,0.32,0.049,0.418,0.303,0.053,0.293,0.144,0.199,0.061,0.064,0.175,0.059,0.05,0.053,0.343,0.238,0.671,0.529,0.346,0.199,0.094,0.036
415,19.2907,92.4589,0.011779,0.0604,0.07763,0.00218,0.3713,0.140638,0.014456,0.65676,89.53,58.273,70.065,112.346,0.067,0.199,0.33,0.05,0.437,0.314,0.053,0.311,0.141,0.203,0.061,0.064,0.193,0.059,0.05,0.052,0.354,0.249,0.772,0.564,0.354,0.201,0.094,0.036
420,20.995,93.4318,0.0175,0.0966,0.13438,0.004,0.6456,0.204492,0.021391,0.972542,98.10,60.034,71.577,112.798,0.064,0.201,0.336,0.05,0.446,0.322,0.052,0.324,0.138,0.206,0.062,0.064,0.208,0.059,0.049,0.052,0.359,0.258,0.84,0.58,0.357,0.202,0.094,0.036
425,22.7883,90.057,0.022678,0.1436,0.21477,0.0073,1.0390501,0.264737,0.029497,1.2825,105.80,58.926,69.746,107.945,0.062,0.203,0.337,0.051,0.448,0.329,0.052,0.335,0.134,0.198,0.063,0.064,0.224,0.06,0.049,0.052,0.357,0.27,0.868,0.584,0.358,0.203,0.094,0.036
430,24.6709,86.6823,0.0273,0.1998,0.2839,0.0116,1.3856,0.314679,0.038676,1.55348,112.40,57.818,67.914,103.092,0.059,0.205,0.337,0.052,0.448,0.336,0.052,0.348,0.132,0.19,0.064,0.064,0.244,0.062,0.049,0.053,0.35,0.281,0.878,0.585,0.359,0.203,0.094,0.036
435,26.6425,95.7736,0.032584,0.2625,0.3285,0.01684,1.62296,0.357719,0.049602,1.7985,117.75,66.321,76.760,112.145,0.057,0.208,0.337,0.053,0.447,0.344,0.052,0.361,0.132,0.179,0.066,0.065,0.265,0.063,0.049,0.053,0.339,0.296,0.882,0.587,0.36,0.204,0.095,0.036
440,28.7027,104.865,0.0379,0.3281,0.34828,0.023,1.74706,0.383734,0.062077,1.96728,121.50,74.825,85.605,121.198,0.055,0.212,0.335,0.054,0.444,0.353,0.052,0.373,0.131,0.168,0.068,0.065,0.29,0.065,0.049,0.053,0.327,0.315,0.883,0.587,0.361,0.205,0.095,0.035
445,30.8508,110.936,0.042391,0.3931,0.34806,0.0298,1.7826,0.386726,0.074704,2.0273,123.45,81.036,91.799,127.104,0.054,0.217,0.334,0.056,0.44,0.363,0.052,0.383,0.131,0.156,0.071,0.066,0.316,0.067,0.049,0.054,0.313,0.334,0.885,0.588,0.362,0.205,0.095,0.035
450,33.0859,117.008,0.0468,0.455,0.3362,0.038,1.77211,0.370702,0.089456,1.9948,124.00,87.247,97.993,133.010,0.053,0.224,0.331,0.058,0.434,0.375,0.052,0.387,0.129,0.144,0.075,0.067,0.335,0.07,0.049,0.055,0.298,0.352,0.886,0.588,0.362,0.205,0.095,0.035
455,35.4068,117.41,0.052122,0.513,0.3187,0.048,1.7441,0.342957,0.106256,1.9007,123.60,88.930,99.228,132.682,0.053,0.231,0.327,0.06,0.428,0.39,0.052,0.383,0.128,0.132,0.079,0.068,0.342,0.074,0.048,0.056,0.282,0.37,0.886,0.587,0.361,0.205,0.094,0.035
460,37.8121,117.812,0.06,0.567,0.2908,0.06,1.6692,0.302273,0.128201,1.74537,123.10,90.612,100.463,132.355,0.052,0.24,0.322,0.061,0.421,0.408,0.052,0.374,0.126,0.12,0.085,0.069,0.338,0.078,0.048,0.059,0.267,0.391,0.887,0.586,0.361,0.204,0.094,0.035
465,40.3002,116.336,0.0739,0.62,0.2511,0.0739,1.5281,0.254085,0.152761,1.5549,123.30,90.990,100.188,129.838,0.052,0.251,0.316,0.063,0.413,0.433,0.052,0.361,0.126,0.11,0.093,0.073,0.324,0.084,0.047,0.065,0.253,0.414,0.888,0.585,0.359,0.204,0.094,0.035
470,42.8693,114.861,0.09098,0.676,0.19536,0.09098,1.28764,0.195618,0.18519,1.31756,123.80,91.368,99.913,127.322,0.052,0.262,0.31,0.064,0.405,0.46,0.053,0.345,0.125,0.101,0.104,0.077,0.302,0.091,0.047,0.075,0.239,0.434,0.888,0.583,0.358,0.203,0.094,0.035
475,45.5174,115.392,0.1126,0.734,0.1421,0.1126,1.0419,0.132349,0.21994,1.0302,124.09,93.238,101.326,127.061,0.053,0.273,0.302,0.065,0.394,0.492,0.054,0.325,0.123,0.093,0.118,0.084,0.273,0.101,0.046,0.093,0.225,0.449,0.888,0.582,0.358,0.203,0.093,0.035
480,48.2423,115.923,0.13902,0.793,0.09564,0.13902,0.8129501,0.080507,0.253589,0.772125,123.90,95.109,102.739,126.800,0.054,0.282,0.293,0.067,0.381,0.523,0.055,0.301,0.119,0.086,0.135,0.092,0.239,0.113,0.045,0.121,0.209,0.458,0.888,0.581,0.357,0.202,0.093,0.034
485,51.0418,112.367,0.1693,0.851,0.05795001,0.1693,0.6162,0.041072,0.297665,0.57006,122.92,93.536,100.409,122.291,0.055,0.289,0.285,0.068,0.372,0.548,0.056,0.275,0.114,0.08,0.157,0.1,0.205,0.125,0.045,0.157,0.195,0.461,0.888,0.58,0.356,0.202,0.093,0.034
490,53.9132,108.811,0.20802,0.904,0.03201,0.20802,0.46518,0.016172,0.339133,0.415254,120.70,91.963,98.078,117.783,0.057,0.293,0.276,0.07,0.362,0.566,0.057,0.247,0.109,0.075,0.185,0.107,0.172,0.14,0.044,0.202,0.182,0.457,0.888,0.58,0.356,0.202,0.093,0.034
495,56.8539,109.082,0.2586,0.949,0.0147,0.2586,0.3533,0.005132,0.395379,0.302356,116.90,93.843,99.379,117.186,0.059,0.296,0.268,0.072,0.352,0.577,0.059,0.223,0.105,0.07,0.221,0.115,0.144,0.157,0.044,0.252,0.172,0.447,0.888,0.58,0.356,0.202,0.092,0.034
500,59.8611,109.354,0.323,0.982,0.0049,0.323,0.272,0.003816,0.460777,0.218502,112.10,95.724,100.680,116.589,0.061,0.301,0.26,0.078,0.342,0.582,0.061,0.202,0.103,0.067,0.269,0.123,0.12,0.18,0.044,0.303,0.163,0.433,0.887,0.58,0.356,0.202,0.092,0.034
505,62.932,108.578,0.4073,0.998,0.0024,0.4073,0.2123,0.015444,0.53136,0.159249,106.98,96.169,100.688,115.146,0.062,0.31,0.251,0.088,0.33,0.583,0.064,0.184,0.102,0.063,0.326,0.133,0.101,0.208,0.044,0.351,0.155,0.414,0.887,0.58,0.356,0.202,0.093,0.034
510,66.0635,107.802,0.503,0.997,0.0093,0.503,0.1582,0.037465,0.606741,0.112044,102.30,96.613,100.695,113.702,0.065,0.321,0.243,0.106,0.314,0.58,0.068,0.167,0.1,0.061,0.384,0.146,0.086,0.244,0.044,0.394,0.146,0.392,0.887,0.58,0.356,0.202,0.093,0.034
515,69.2525,106.296,0.6082,0.975,0.0291,0.6082,0.1117,0.071358,0.68566,0.082248,98.81,96.871,100.341,111.181,0.067,0.326,0.234,0.13,0.294,0.576,0.076,0.152,0.097,0.059,0.44,0.166,0.074,0.286,0.044,0.436,0.135,0.366,0.887,0.581,0.356,0.202,0.093,0.034
520,72.4959,104.79,0.71,0.935,0.06327,0.71,0.07824999,0.117749,0.761757,0.060709,96.90,97.129,99.987,108.659,0.07,0.322,0.225,0.155,0.271,0.569,0.086,0.137,0.094,0.058,0.484,0.193,0.066,0.324,0.044,0.475,0.124,0.339,0.887,0.581,0.357,0.202,0.093,0.034
525,75.7903,106.239,0.7932,0.88,0.1096,0.7932,0.05725001,0.172953,0.82333,0.04305,96.78,99.614,102.098,109.552,0.072,0.31,0.215,0.173,0.249,0.56,0.101,0.125,0.091,0.056,0.516,0.229,0.059,0.351,0.044,0.512,0.113,0.31,0.887,0.582,0.357,0.202,0.093,0.034
530,79.1326,107.689,0.862,0.811,0.1655,0.862,0.04216,0.236491,0.875211,0.030451,98.00,102.099,104.210,110.445,0.074,0.298,0.208,0.181,0.231,0.549,0.12,0.116,0.089,0.054,0.534,0.273,0.054,0.363,0.044,0.544,0.106,0.282,0.887,0.582,0.357,0.203,0.093,0.034
535,82.5193,106.047,0.9148501,0.733,0.2257499,0.9148501,0.02984,0.304213,0.92381,0.020584,99.94,101.427,103.156,108.367,0.075,0.291,0.203,0.182,0.219,0.535,0.143,0.11,0.09,0.053,0.542,0.323,0.051,0.363,0.044,0.572,0.102,0.255,0.887,0.582,0.358,0.203,0.093,0.034
540,85.947,104.405,0.954,0.65,0.2904,0.954,0.0203,0.376772,0.961988,0.013676,102.10,100.755,102.102,106.289,0.076,0.292,0.198,0.177,0.211,0.519,0.17,0.106,0.092,0.052,0.545,0.374,0.048,0.355,0.045,0.597,0.102,0.228,0.887,0.583,0.358,0.203,0.093,0.034
545,89.4124,104.225,0.9803,0.564,0.3597,0.9803,0.0134,0.451584,0.9822,0.007918,103.95,101.536,102.535,105.596,0.078,0.297,0.195,0.168,0.209,0.501,0.198,0.103,0.096,0.052,0.541,0.418,0.046,0.342,0.046,0.615,0.105,0.204,0.886,0.583,0.358,0.203,0.093,0.034
550,92.912,104.046,0.9949501,0.481,0.4334499,0.9949501,0.008749999,0.529826,0.991761,0.003988,105.20,102.317,102.968,104.904,0.079,0.3,0.191,0.157,0.209,0.48,0.228,0.099,0.102,0.053,0.533,0.456,0.045,0.323,0.047,0.63,0.107,0.18,0.886,0.583,0.358,0.203,0.093,0.034
555,96.4423,102.023,1,0.402,0.5120501,1,0.005749999,0.616053,0.99911,0.001091,105.67,101.159,101.484,102.452,0.082,0.298,0.188,0.147,0.207,0.458,0.26,0.094,0.106,0.054,0.524,0.487,0.044,0.303,0.048,0.645,0.107,0.159,0.887,0.584,0.358,0.203,0.092,0.034
560,100,100,0.995,0.3288,0.5945,0.995,0.0039,0.705224,0.99734,0,105.30,100.000,100.000,100.000,0.087,0.295,0.183,0.137,0.201,0.436,0.297,0.09,0.108,0.055,0.513,0.512,0.043,0.281,0.05,0.66,0.106,0.141,0.887,0.584,0.359,0.203,0.093,0.033
565,103.582,98.1671,0.9786,0.2639,0.6784,0.9786,0.002749999,0.793832,0.98238,0,104.11,98.868,98.608,97.808,0.092,0.295,0.177,0.129,0.196,0.414,0.338,0.086,0.109,0.055,0.501,0.534,0.042,0.26,0.053,0.673,0.107,0.126,0.887,0.585,0.359,0.203,0.093,0.033
570,107.184,96.3342,0.952,0.2076,0.7621,0.952,0.0021,0.878655,0.955552,0,102.30,97.735,97.216,95.616,0.1,0.305,0.172,0.126,0.196,0.392,0.38,0.083,0.112,0.054,0.487,0.554,0.041,0.238,0.057,0.686,0.112,0.114,0.888,0.586,0.36,0.204,0.093,0.033
575,110.803,96.0611,0.9154,0.1602,0.8425,0.9154,0.0018,0.951162,0.915175,0,100.15,98.327,97.482,94.914,0.107,0.326,0.167,0.125,0.199,0.369,0.418,0.083,0.126,0.053,0.472,0.57,0.041,0.217,0.063,0.698,0.123,0.104,0.888,0.587,0.361,0.204,0.093,0.033
580,114.436,95.788,0.87,0.1212,0.9163,0.87,0.001650001,1.01416,0.868934,0,97.80,98.918,97.749,94.213,0.115,0.358,0.163,0.122,0.206,0.346,0.452,0.083,0.157,0.052,0.454,0.584,0.04,0.196,0.072,0.708,0.141,0.097,0.887,0.588,0.361,0.205,0.093,0.033
585,118.08,92.2368,0.8163,0.0899,0.9786,0.8163,0.0014,1.0743,0.825623,0,95.43,96.208,94.590,90.605,0.122,0.397,0.16,0.119,0.215,0.324,0.481,0.085,0.208,0.052,0.436,0.598,0.04,0.177,0.086,0.718,0.166,0.092,0.886,0.588,0.361,0.205,0.093,0.033
590,121.731,88.6856,0.757,0.0655,1.0263,0.757,0.0011,1.11852,0.777405,0,93.20,93.499,91.432,86.997,0.129,0.435,0.157,0.115,0.223,0.302,0.503,0.086,0.274,0.053,0.416,0.609,0.04,0.158,0.109,0.726,0.198,0.088,0.886,0.588,0.361,0.205,0.093,0.033
595,125.386,89.3459,0.6949,0.0469,1.0567,0.6949,0.001,1.1343,0.720353,0,91.22,95.593,92.926,87.112,0.134,0.468,0.153,0.109,0.229,0.279,0.52,0.087,0.346,0.055,0.394,0.617,0.04,0.14,0.143,0.732,0.235,0.083,0.886,0.588,0.361,0.205,0.092,0.033
600,129.043,90.0062,0.631,0.03315,1.0622,0.631,0.0008,1.12399,0.658341,0,89.70,97.688,94.419,87.227,0.138,0.494,0.15,0.104,0.235,0.26,0.532,0.087,0.415,0.059,0.374,0.624,0.039,0.124,0.192,0.737,0.279,0.08,0.887,0.588,0.36,0.204,0.092,0.033
605,132.697,89.8026,0.5668,0.02312,1.0456,0.5668,0.0006,1.0891,0.593878,0,88.83,98.478,94.780,86.684,0.142,0.514,0.147,0.1,0.241,0.245,0.543,0.086,0.473,0.065,0.358,0.63,0.039,0.111,0.256,0.742,0.333,0.077,0.888,0.587,0.36,0.204,0.092,0.033
610,136.346,89.5991,0.503,0.01593,1.0026,0.503,0.00034,1.03048,0.527963,0,88.40,99.269,95.140,86.140,0.146,0.53,0.144,0.098,0.245,0.234,0.552,0.085,0.517,0.074,0.346,0.635,0.04,0.101,0.332,0.746,0.394,0.075,0.889,0.586,0.359,0.204,0.092,0.033
615,139.988,88.6489,0.4412,0.01088,0.9384,0.4412,0.00024,0.95074,0.461834,0,88.19,99.155,94.680,84.861,0.15,0.541,0.141,0.097,0.245,0.226,0.56,0.084,0.547,0.086,0.337,0.64,0.04,0.094,0.413,0.749,0.46,0.074,0.89,0.586,0.358,0.203,0.091,0.033
620,143.618,87.6987,0.381,0.00737,0.8544499,0.381,0.00019,0.856297,0.398057,0,88.10,99.042,94.220,83.581,0.154,0.55,0.137,0.098,0.243,0.221,0.566,0.084,0.567,0.099,0.331,0.645,0.04,0.089,0.486,0.753,0.522,0.073,0.891,0.585,0.357,0.203,0.091,0.033
625,147.235,85.4936,0.321,0.00497,0.7514,0.321,0.0001,0.75493,0.339554,0,88.06,97.382,92.334,81.164,0.158,0.557,0.133,0.1,0.243,0.217,0.572,0.085,0.582,0.113,0.328,0.65,0.04,0.086,0.55,0.757,0.58,0.073,0.891,0.584,0.356,0.202,0.091,0.033
630,150.836,83.2886,0.265,0.003335,0.6424,0.265,0.00005,0.647467,0.283493,0,88.00,95.722,90.448,78.747,0.163,0.564,0.13,0.1,0.247,0.215,0.578,0.088,0.591,0.126,0.325,0.654,0.041,0.084,0.598,0.761,0.628,0.073,0.891,0.583,0.355,0.201,0.09,0.033
635,154.418,83.4939,0.217,0.002235,0.5419,0.217,0.00003,0.53511,0.228254,0,87.86,97.290,91.389,78.587,0.167,0.569,0.126,0.099,0.254,0.212,0.583,0.092,0.597,0.138,0.322,0.658,0.041,0.082,0.631,0.765,0.666,0.073,0.891,0.581,0.354,0.201,0.09,0.033
640,157.979,83.6992,0.175,0.001497,0.4479,0.175,0.00002,0.431567,0.179828,0,87.80,98.857,92.330,78.428,0.173,0.574,0.123,0.097,0.269,0.21,0.587,0.098,0.601,0.149,0.32,0.662,0.042,0.08,0.654,0.768,0.696,0.073,0.89,0.58,0.353,0.2,0.09,0.033
645,161.516,81.863,0.1382,0.001005,0.3608,0.1382,0.00001,0.34369,0.140211,0,87.99,97.262,90.592,76.614,0.18,0.582,0.12,0.096,0.291,0.209,0.593,0.105,0.604,0.161,0.319,0.667,0.042,0.078,0.672,0.772,0.722,0.073,0.889,0.579,0.352,0.199,0.09,0.033
650,165.028,80.0268,0.107,0.000677,0.2835,0.107,0,0.268329,0.107633,0,88.20,95.667,88.854,74.801,0.188,0.59,0.118,0.095,0.318,0.208,0.599,0.111,0.607,0.172,0.319,0.672,0.042,0.077,0.686,0.777,0.742,0.074,0.889,0.578,0.351,0.198,0.089,0.033
655,168.51,80.1207,0.0816,0.000459,0.2187,0.0816,0,0.2043,0.081187,0,88.20,96.929,89.586,74.562,0.196,0.597,0.115,0.095,0.351,0.209,0.602,0.118,0.608,0.182,0.32,0.675,0.043,0.076,0.694,0.779,0.756,0.075,0.889,0.577,0.35,0.198,0.089,0.033
660,171.963,80.2146,0.061,0.0003129,0.1649,0.061,0,0.152568,0.060281,0,87.90,98.190,90.317,74.324,0.204,0.605,0.112,0.095,0.384,0.211,0.604,0.123,0.607,0.193,0.324,0.676,0.043,0.075,0.7,0.78,0.766,0.076,0.889,0.576,0.349,0.197,0.089,0.033
665,175.383,81.2462,0.04458,0.0002146,0.1212,0.04458,0,0.11221,0.044096,0,87.22,100.597,92.133,74.873,0.213,0.614,0.11,0.097,0.417,0.215,0.606,0.126,0.606,0.205,0.33,0.677,0.043,0.075,0.704,0.78,0.774,0.076,0.889,0.575,0.348,0.197,0.088,0.033
670,178.769,82.2778,0.032,0.000148,0.0874,0.032,0,0.0812606,0.0318004,0,86.30,103.003,93.950,75.422,0.222,0.624,0.108,0.101,0.446,0.22,0.608,0.126,0.605,0.217,0.337,0.678,0.044,0.075,0.707,0.781,0.78,0.077,0.888,0.574,0.346,0.196,0.088,0.033
675,182.118,80.281,0.0232,0.0001026,0.0636,0.0232,0,0.05793,0.0226017,0,85.30,101.068,91.953,73.499,0.231,0.637,0.106,0.11,0.47,0.227,0.611,0.124,0.605,0.232,0.345,0.681,0.044,0.077,0.712,0.782,0.785,0.076,0.888,0.573,0.346,0.195,0.088,0.033
680,185.429,78.2842,0.017,0.0000715,0.04677,0.017,0,0.0408508,0.0159051,0,84.00,99.133,89.956,71.576,0.242,0.652,0.105,0.125,0.49,0.233,0.615,0.12,0.605,0.248,0.354,0.685,0.044,0.078,0.718,0.785,0.791,0.075,0.888,0.572,0.345,0.195,0.087,0.033
685,188.701,74.0027,0.01192,0.0000501,0.0329,0.01192,0,0.028623,0.0111303,0,82.21,93.257,84.817,67.714,0.251,0.668,0.104,0.147,0.504,0.239,0.619,0.117,0.604,0.266,0.362,0.688,0.044,0.08,0.721,0.785,0.794,0.074,0.888,0.571,0.344,0.194,0.087,0.033
690,191.931,69.7213,0.00821,0.00003533,0.0227,0.00821,0,0.0199413,0.0077488,0,80.20,87.381,79.677,63.852,0.261,0.682,0.104,0.174,0.511,0.244,0.622,0.115,0.605,0.282,0.368,0.69,0.045,0.082,0.724,0.787,0.798,0.074,0.888,0.57,0.343,0.194,0.087,0.032
695,195.118,70.6652,0.005723,0.00002501,0.01584,0.005723,0,0.013842,0.0053751,0,78.24,89.492,81.258,64.464,0.271,0.697,0.103,0.21,0.517,0.249,0.625,0.115,0.606,0.301,0.375,0.693,0.046,0.085,0.727,0.789,0.801,0.073,0.888,0.569,0.342,0.193,0.087,0.032
700,198.261,71.6091,0.004102,0.0000178,0.01135916,0.004102,0,0.00957688,0.00371774,0,76.30,91.604,82.840,65.076,0.282,0.713,0.103,0.247,0.52,0.252,0.628,0.116,0.606,0.319,0.379,0.696,0.048,0.088,0.729,0.792,0.804,0.072,0.888,0.568,0.341,0.192,0.086,0.032
705,201.359,72.979,0.002929,0.00001273,0.008110916,0.002929,0,0.0066052,0.00256456,0,74.36,92.246,83.842,66.573,0.294,0.728,0.102,0.283,0.522,0.252,0.63,0.118,0.604,0.338,0.381,0.698,0.05,0.089,0.73,0.792,0.806,0.072,0.887,0.567,0.34,0.192,0.086,0.032
710,204.409,74.349,0.002091,0.00000914,0.005790346,0.002091,0,0.00455263,0.00176847,0,72.40,92.889,84.844,68.070,0.305,0.745,0.102,0.311,0.523,0.25,0.633,0.12,0.602,0.355,0.379,0.698,0.051,0.089,0.73,0.793,0.807,0.071,0.886,0.566,0.339,0.191,0.086,0.032
715,207.411,67.9765,0.001484,0.0000066,0.004109457,0.001484,0,0.0031447,0.00122239,0,70.40,84.872,77.539,62.256,0.318,0.753,0.102,0.329,0.522,0.248,0.633,0.124,0.601,0.371,0.376,0.698,0.053,0.09,0.729,0.792,0.807,0.073,0.886,0.565,0.338,0.191,0.086,0.032
720,210.365,61.604,0.001047,0.00000478,0.002899327,0.001047,0,0.00217496,0.00084619,0,68.30,76.854,70.235,56.443,0.334,0.762,0.102,0.343,0.521,0.244,0.633,0.128,0.599,0.388,0.373,0.698,0.056,0.09,0.727,0.79,0.807,0.075,0.886,0.564,0.337,0.19,0.085,0.032
725,213.268,65.7448,0.00074,0.000003482,0.00204919,0.00074,0,0.0015057,0.00058644,0,66.30,81.683,74.768,60.343,0.354,0.774,0.102,0.353,0.521,0.245,0.636,0.133,0.598,0.406,0.372,0.7,0.06,0.09,0.728,0.792,0.81,0.078,0.885,0.562,0.336,0.189,0.085,0.032
730,216.12,69.8856,0.00052,0.000002546,0.001439971,0.00052,0,0.00104476,0.00040741,0,64.40,86.511,79.301,64.242,0.372,0.783,0.102,0.358,0.522,0.245,0.637,0.139,0.596,0.422,0.375,0.701,0.064,0.089,0.729,0.792,0.813,0.082,0.885,0.562,0.335,0.189,0.085,0.032
735,218.92,72.4863,0.0003611,0.00000187,0.0009999493,0.0003611,0,0.00072745,0.000284041,0,62.80,89.546,82.147,66.697,0.392,0.788,0.104,0.362,0.521,0.251,0.639,0.149,0.595,0.436,0.382,0.701,0.07,0.092,0.729,0.79,0.814,0.09,0.885,0.56,0.334,0.188,0.085,0.032
740,221.667,75.087,0.0002492,0.000001379,0.0006900786,0.0002492,0,0.000508258,0.00019873,0,61.50,92.580,84.993,69.151,0.409,0.791,0.104,0.364,0.521,0.26,0.638,0.162,0.593,0.451,0.392,0.701,0.079,0.094,0.727,0.787,0.813,0.1,0.884,0.56,0.333,0.188,0.085,0.032
745,224.361,69.3398,0.0001719,0.000001022,0.0004760213,0.0001719,0,0.00035638,0.00013955,0,60.20,85.405,78.437,63.890,0.42,0.787,0.104,0.36,0.516,0.269,0.633,0.178,0.587,0.46,0.401,0.695,0.091,0.097,0.723,0.782,0.81,0.116,0.884,0.558,0.332,0.187,0.084,0.032
750,227,63.5927,0.00012,0.00000076,0.0003323011,0.00012,0,0.000250969,0.000098428,0,59.20,78.230,71.880,58.629,0.436,0.789,0.104,0.362,0.514,0.278,0.633,0.197,0.584,0.471,0.412,0.694,0.104,0.102,0.721,0.778,0.808,0.133,0.883,0.557,0.331,0.187,0.084,0.032
755,229.585,55.0054,0.0000848,0.000000567,0.0002348261,0.0000848,0,0.00017773,0.000069819,0,58.50,67.961,62.337,50.623,0.45,0.794,0.106,0.364,0.514,0.288,0.636,0.219,0.584,0.481,0.422,0.696,0.12,0.106,0.724,0.78,0.811,0.154,0.882,0.556,0.33,0.186,0.084,0.032
760,232.115,46.4182,0.00006,0.000000425,0.0001661505,0.00006,0,0.00012639,0.000049737,0,58.10,57.692,52.793,42.617,0.462,0.801,0.106,0.368,0.517,0.297,0.641,0.242,0.586,0.492,0.433,0.7,0.138,0.11,0.728,0.782,0.814,0.176,0.882,0.555,0.329,0.185,0.084,0.032
765,234.589,56.6118,0.0000424,3.196E-007,0.000117413,0.0000424,0,0.000090151,3.55405E-005,0,58.00,70.307,64.360,51.985,0.465,0.799,0.107,0.368,0.515,0.301,0.639,0.259,0.584,0.495,0.436,0.698,0.154,0.111,0.727,0.781,0.813,0.191,0.881,0.554,0.328,0.185,0.084,0.032
770,237.008,66.8054,0.00003,2.413E-007,8.307527E-005,0.00003,0,6.45258E-005,0.000025486,0,58.20,82.923,75.927,61.352,0.448,0.771,0.11,0.355,0.5,0.297,0.616,0.275,0.566,0.482,0.426,0.673,0.168,0.112,0.702,0.752,0.785,0.2,0.88,0.553,0.327,0.184,0.083,0.032
775,239.37,65.0941,0.0000212,1.829E-007,5.870652E-005,0.0000212,0,0.000046339,1.83384E-005,0,58.50,80.599,73.872,59.838,0.432,0.747,0.115,0.346,0.491,0.296,0.598,0.294,0.551,0.471,0.413,0.653,0.186,0.112,0.68,0.728,0.765,0.208,0.88,0.551,0.326,0.184,0.083,0.032
780,241.675,63.3828,0.00001499,0.000000139,4.150994E-005,0.00001499,0,3.34117E-005,0.000013249,0,59.10,78.274,71.818,58.324,0.421,0.734,0.12,0.341,0.487,0.296,0.582,0.316,0.54,0.467,0.404,0.639,0.204,0.112,0.664,0.71,0.752,0.214,0.879,0.55,0.325,0.183,0.083,0.032
785,243.924,63.8434,0,0,2.935326E-005,0.0000106,0,0.000024209,9.6196E-006,0,0,0,0,0,0,0,0,0,0,0,0,0,0,0,0,0,0,0,0,0,0,0,0,0,0,0,0,0
790,246.116,64.304,0,0,2.067383E-005,7.4657E-006,0,1.76115E-005,7.0128E-006,0,0,0,0,0,0,0,0,0,0,0,0,0,0,0,0,0,0,0,0,0,0,0,0,0,0,0,0,0
795,248.251,61.8779,0,0,1.455977E-005,5.2578E-006,0,0.000012855,5.1298E-006,0,0,0,0,0,0,0,0,0,0,0,0,0,0,0,0,0,0,0,0,0,0,0,0,0,0,0,0,0
800,250.329,59.4519,0,0,0.000010254,3.7029E-006,0,9.41363E-006,3.76473E-006,0,0,0,0,0,0,0,0,0,0,0,0,0,0,0,0,0,0,0,0,0,0,0,0,0,0,0,0,0
805,252.35,55.7054,0,0,7.221456E-006,2.6078E-006,0,0.000006913,2.77081E-006,0,0,0,0,0,0,0,0,0,0,0,0,0,0,0,0,0,0,0,0,0,0,0,0,0,0,0,0,0
810,254.314,51.959,0,0,5.085868E-006,1.8366E-006,0,5.09347E-006,2.04613E-006,0,0,0,0,0,0,0,0,0,0,0,0,0,0,0,0,0,0,0,0,0,0,0,0,0,0,0,0,0
815,256.221,54.6998,0,0,3.581652E-006,1.2934E-006,0,3.7671E-006,1.51677E-006,0,0,0,0,0,0,0,0,0,0,0,0,0,0,0,0,0,0,0,0,0,0,0,0,0,0,0,0,0
820,258.071,57.4406,0,0,2.522525E-006,9.1093E-007,0,2.79531E-006,1.12809E-006,0,0,0,0,0,0,0,0,0,0,0,0,0,0,0,0,0,0,0,0,0,0,0,0,0,0,0,0,0
825,259.865,58.8765,0,0,1.776509E-006,6.4153E-007,0,0.000002082,8.4216E-007,0,0,0,0,0,0,0,0,0,0,0,0,0,0,0,0,0,0,0,0,0,0,0,0,0,0,0,0,0
830,261.602,60.3125,0,0,1.251141E-006,4.5181E-007,0,1.55314E-006,6.297E-007,0,0,0,0,0,0,0,0,0,0,0,0,0,0,0,0,0,0,0,0,0,0,0,0,0,0,0,0,0
